cluster,total_pcu_block_min,n_violations,area_name,police_station,lat,lon,violations_per_day,junction_pct,PSI,tier,peak_hour,pcu_block_hrs_day,congestion_pcu_hrs_day,econ_loss_week_inr,econ_loss_year_inr,impact_rank
347,709007.5,34423,"5th Main Road,  Kempe Gowda Circle",Upparpet,12.976669161038398,77.57739507532521,229.49,0.9946547366586294,59.6,Critical,9,78.78,141.8,84371.0,4399345.0,1
341,430632.5,25171,"Kamaraj Road,  Sri Nagamma Devi Circle",Shivajinagar,12.981975364657727,77.607947701354,167.81,0.8212625640618172,55.6,Critical,10,47.85,86.13,51247.0,2672183.0,2
74,347512.5,16760,"Mysore Road,  Sri Krishna Rajendra Market",City Market,12.96489461757076,77.57685278958482,111.73,0.938365155131265,55.7,Critical,9,38.61,69.5,41352.0,2156238.0,3
317,145075.0,7173,"10th Cross Road,  Block 1",Rajajinagar,12.993889627747915,77.5518093360401,47.82,1.0,49.0,Critical,3,16.12,29.02,17267.0,900345.0,4
286,211297.5,9724,"80 Feet Ring Road,  Orion",Malleshwaram,13.010332860605171,77.5538532818486,64.83,0.37638831756478813,40.7,Critical,10,23.48,23.48,13971.0,728467.0,5
70,195977.5,4199,"Unnamed Road,  Begur Chikkanahalli",Chikkajala,13.184845628028102,77.68003999048108,27.99,0.0,36.1,Critical,4,21.78,21.78,12959.0,675725.0,6
130,105075.0,4921,"Pailwan M Krishnappa Road,  Shoukath Mohalla",Halasuru Gate,12.964840682307658,77.58336325849172,32.81,0.9997967892704734,46.2,Critical,10,11.68,21.02,12507.0,652146.0,7
103,177545.0,10340,"New Horizon College Road,  New Horizon College of Engineering",HAL Old Airport,12.933357804984336,77.69021913405746,68.93,0.0,42.5,Critical,4,19.73,19.73,11739.0,612123.0,8
102,168880.0,4401,"Kadubeesanahalli Underpass,  Kadubisanahalli Junction",HAL Old Airport,12.943152893798763,77.69781836480874,29.34,0.0,48.4,Critical,8,18.76,18.76,11162.0,582029.0,9
285,143760.0,8381,"Sri Venkataranga Ayangar Road,  Ranganathapura",Malleshwaram,13.002335520399939,77.57062184263386,55.87,0.0,32.8,High,10,15.97,15.97,9502.0,495469.0,10
106,109702.5,2608,"ITPL Main Road,  Brigade Tech Gardens",HAL Old Airport,12.963229827072997,77.71714305881414,17.39,0.0,30.5,High,5,12.19,12.19,7253.0,378195.0,11
37,104730.0,2047,"Outer Ring Road,  Citilights Liberty Apartment",Bellandur,12.926773578062873,77.67831381757432,13.65,0.0,27.2,High,2,11.64,11.64,6926.0,361131.0,12
57,56770.0,1542,"AS Char Main Road,  Santhusapete",Chamarajpet,12.967044588780805,77.57422432736706,10.28,0.9915693904020753,46.2,Critical,7,6.31,11.36,6759.0,352444.0,13
355,56572.5,4769,"Sri Sankasta Hara Ganapati Temple Road,  RPC Layout",Vijayanagara,12.967235495773107,77.53791066020952,31.79,0.9186412245753827,43.8,Critical,10,6.29,11.32,6735.0,351203.0,14
210,99010.0,4198,"MBT Road,  Devasandra Junction",K.R. Pura,13.008472429941833,77.69536783699722,27.99,0.0,37.0,Critical,0,11.0,11.0,6545.0,341275.0,15
125,97160.0,3038,"Mahatma Gandhi Road,  Mittal Towers",Halasur,12.973425419447514,77.61896019922936,20.25,0.0013166556945358788,26.9,High,4,10.8,10.8,6426.0,335070.0,16
284,52217.5,3702,"19th Main Road,  Block 1",Malleshwaram,13.000184850666484,77.5509532897897,24.68,1.0,42.7,Critical,8,5.8,10.44,6212.0,323901.0,17
48,43732.5,1821,"Mysore Road,  Satellite Bus Stand Junction",Byatarayanapura,12.95332402180254,77.54248972135687,12.14,1.0,43.1,Critical,1,4.86,8.75,5206.0,271469.0,18
356,38722.5,2886,"Padmabhushan Dr MC Modi Road,  Phase 1",Vijayanagara,12.997779272495931,77.5465726801622,19.24,1.0,42.4,Critical,10,4.3,7.74,4605.0,240134.0,19
357,36865.0,5520,"Chord Road,  Manuvana",Vijayanagara,12.97436844006555,77.54555765109744,36.8,0.9686594202898551,44.5,Critical,4,4.1,7.38,4391.0,228964.0,20
199,66007.5,1510,"Old Airport Road,  Manipal Hospital Junction",Jeevanbheemanagar,12.959786705300692,77.64682860878642,10.07,0.16026490066225166,26.0,High,5,7.33,7.33,4361.0,227413.0,21
59,35042.5,1528,"Rao Bahadur DGT Road,  Majestic Circle",Chamarajpet,12.977107549391432,77.57075513598241,10.19,1.0,40.7,Critical,7,3.89,7.0,4165.0,217175.0,22
186,33300.0,2485,"5th Main Road,  Shri Vinayaka Circle",Jayanagara,12.92868241251509,77.58334368450704,16.57,0.9895372233400402,38.7,Critical,8,3.7,6.66,3963.0,206626.0,23
257,32187.5,3207,"1st Cross Road,  Mallige Thotta",Magadi Road,12.973672782693871,77.55066141536608,21.38,0.9981290926099158,39.6,Critical,11,3.58,6.44,3832.0,199801.0,24
272,57770.0,1208,"Old Madras Road,  Royal Heritage",Mahadevapura,12.99612844046789,77.66849233762238,8.05,0.0,43.2,Critical,10,6.42,6.42,3820.0,199181.0,25
31,28475.0,2439,"Sri DV Gundappa Road,  Shopper Junction",Basavanagudi,12.9437927048449,77.57143782179858,16.26,1.0,39.6,Critical,10,3.16,5.69,3386.0,176532.0,26
101,50780.0,1844,"Marathahalli Underpass,  Ashwath Nagar",HAL Old Airport,12.957786767206235,77.70156314055484,12.29,0.0,25.0,High,11,5.64,5.64,3356.0,174981.0,27
239,49440.0,6000,"Sahakar Nagar Road,  Fortuna Acacia",Kodigehalli,13.071012478423004,77.58831450494168,40.0,0.0,32.1,High,11,5.49,5.49,3267.0,170327.0,28
149,27262.5,757,"Kumar Krupa Road,  Padmashree RMP Aaradhya Circle",High ground,12.982731616080514,77.57740366542774,5.05,1.0,33.6,High,7,3.03,5.45,3243.0,169086.0,29
198,44330.0,2545,"Domlur Inner Ring Road,  HAL Stage 2",Jeevanbheemanagar,12.96910423648506,77.6434230149825,16.97,0.1968565815324165,33.2,High,7,4.93,4.93,2933.0,152953.0,30
23,43900.0,789,"MBT Road,  Royal Heritage",Banaswadi,12.996583134221932,77.66883830031871,5.26,0.0,37.4,Critical,9,4.88,4.88,2904.0,151402.0,31
0,21990.0,1475,"20th Main Road,  Block 7",Adugodi,12.935402276745762,77.61524753389831,9.83,0.9064406779661017,34.0,High,11,2.44,4.39,2612.0,136200.0,32
83,20672.5,1053,"Walton Road,  Walton Road Circle",Cubbon Park,12.971417687939221,77.59721300873694,7.02,0.9990503323836657,31.8,High,11,2.3,4.14,2463.0,128443.0,33
69,36710.0,948,"Bengaluru Bellary Road,  Sadahalli Gate Junction",Chikkajala,13.191244329831223,77.64622122568565,6.32,0.0,27.4,High,1,4.08,4.08,2428.0,126582.0,34
303,36530.0,2732,"Coles Road,  Silver Enclave",Pulikeshinagar(F.Town),12.996706538286968,77.61235290823572,18.21,0.0,25.0,High,3,4.06,4.06,2416.0,125961.0,35
150,19865.0,3008,"Palace Road,  Kalpana Circle",High ground,12.992611396127131,77.58894948633677,20.05,0.8480718085106383,39.1,Critical,3,2.21,3.98,2368.0,123480.0,36
138,35712.5,2653,"Bellary Road,  Vinayaka Nagar",Hebbala,13.035493411681278,77.58909852131173,17.69,0.0,23.7,High,4,3.97,3.97,2362.0,123169.0,37
271,34652.5,1476,"Whitefield Road,  Phoenix Marketcity",Mahadevapura,12.995595738017899,77.69567706417023,9.84,0.0,30.2,High,11,3.85,3.85,2291.0,119446.0,38
92,34500.0,2113,"Neeladri Road,  Ajmera Annex",Electronic City,12.841839703106867,77.64603947619945,14.09,0.0,24.3,High,12,3.83,3.83,2279.0,118826.0,39
273,34280.0,1109,"Outer Ring Road,  Venkatappa Colony",Mahadevapura,13.000222089883273,77.6772430809918,7.39,0.0,30.6,High,1,3.81,3.81,2267.0,118205.0,40
208,33832.5,486,"5th Cross Road,  Rajath Greens",K.G. Halli,13.035212884773664,77.62444092037038,3.24,0.0,16.2,Moderate,3,3.76,3.76,2237.0,116654.0,41
258,22315.0,1835,"G Narayana Kumar Road,  Block C",Magadi Road,12.975707545759283,77.55969531756192,12.23,0.5138964577656676,31.2,High,4,2.48,3.47,2065.0,107657.0,42
392,31077.5,1263,"Mumbai Bengaluru Highway,  Gorguntepalya Junction",Yeshwanthpura,13.029240807001894,77.53915051649177,8.42,0.0,27.4,High,10,3.45,3.45,2053.0,107036.0,43
348,17047.5,692,"Mysore Road,  City Market Circle",V.V.Puram (C.Pet),12.963945444219654,77.57616912239884,4.61,1.0,35.0,High,0,1.89,3.4,2023.0,105485.0,44
255,21487.5,604,"Domlur Inner Ring Road,  Block 2",Madiwala,12.925261742362954,77.61880873223468,4.03,0.6572847682119205,23.6,High,1,2.39,3.35,1993.0,103934.0,45
335,29677.5,1712,"Padmabhushan Dr RK Srikantan Road,  Seshadripuram Police Station Junction",Sheshadripuram,12.989294748890186,77.57383226127337,11.41,0.09754672897196262,22.0,Moderate,11,3.3,3.3,1963.0,102382.0,46
266,16325.0,580,"Pramukh Swami Maharaj Road,  GEF Block",Magadi Road,12.982443931896551,77.54892095344827,3.87,1.0,31.6,High,4,1.81,3.26,1940.0,101141.0,47
160,29232.5,495,"1st Main Road,  Ramaiah Reddy Layout",Hulimavu,12.88552438827465,77.64143708118594,3.3,0.0,19.7,Moderate,2,3.25,3.25,1934.0,100831.0,48
274,27815.0,522,"Outer Ring Road,  Doddanekundi",Mahadevapura,12.979164396146752,77.69514047082718,3.48,0.0,29.5,High,3,3.09,3.09,1839.0,95867.0,49
340,15147.5,2029,"Cunningham Road,  Mantri Altiue Apartment",Shivajinagar,12.981321156678167,77.59854619590932,13.53,1.0,38.4,Critical,4,1.68,3.02,1797.0,93696.0,50
111,26755.0,1011,"Hosapalya Main Road,  BKL Colony",HSR Layout,12.906478625904612,77.63039778504887,6.74,0.0,22.1,Moderate,13,2.97,2.97,1767.0,92144.0,51
212,26762.5,1329,"MBT Road,  SM Layout",K.R. Pura,13.005721491181633,77.6858437441156,8.86,0.0,23.5,High,10,2.97,2.97,1767.0,92144.0,52
260,14892.5,828,"80 Feet Ring Road,  SSI Industrial Area",Magadi Road,12.980290591915098,77.55652933097757,5.52,1.0,33.5,High,12,1.65,2.97,1767.0,92144.0,53
326,26540.0,671,"Dr Rajkumar Puniya Bhoomi Road,  Block 2",Rajajinagar,13.017759402980627,77.53151242503726,4.47,0.0,25.6,High,11,2.95,2.95,1755.0,91524.0,54
131,14415.0,322,"1st Cross Road,  Vinoba Nagar",Halasuru Gate,12.96157422515528,77.58809336242236,2.15,1.0,29.8,High,5,1.6,2.88,1714.0,89352.0,55
25,25470.0,902,"MBT Road,  Kotturu",Banaswadi,13.000445474288638,77.67650625899329,6.01,0.0,25.7,High,1,2.83,2.83,1684.0,87801.0,56
324,24975.0,438,"Laggere Service Road,  Narasimhaswamy Layout",Rajajinagar,13.00774515525114,77.52682745707763,2.92,0.0,31.1,High,11,2.78,2.78,1654.0,86250.0,57
185,13577.5,207,"45th Cross Road,  Banashankari Bus Stand Junction",Jayanagara,12.917252205900285,77.57407696401395,1.38,1.0,23.4,High,3,1.51,2.72,1618.0,84388.0,58
76,13097.5,414,"Model Road,  Ryders Junction",City Market,12.957156871878247,77.5812074778899,2.76,1.0,33.3,High,8,1.46,2.63,1565.0,81596.0,59
384,22200.0,838,"Jakkur Main Road,  Raitarasanthe",Yelahanka,13.09727137915265,77.5993304284206,5.59,0.0,19.8,Moderate,2,2.47,2.47,1470.0,76632.0,60
374,12252.5,596,"Lalbagh Main Road,  SGN Layout",Wilson Garden,12.95656588590604,77.58605039328859,3.97,1.0,27.3,High,10,1.36,2.45,1458.0,76011.0,61
104,20315.0,560,"ITPL Main Road,  SJR Brooklyn Apartment",HAL Old Airport,12.971241777422488,77.71210686395742,3.73,0.0,21.6,Moderate,3,2.26,2.26,1345.0,70116.0,62
360,10745.0,382,"Sri B Gangaiah Road,  Shivanahalli Junction",Vijayanagara,12.988498089005237,77.54994779136126,2.55,1.0,33.4,High,10,1.19,2.14,1273.0,66394.0,63
80,10650.0,741,"Dr Ambedkar Road,  Shanthaveri Gopalagowda Circle",Cubbon Park,12.978155025236168,77.59095466396762,4.94,1.0,30.7,High,2,1.18,2.12,1261.0,65773.0,64
159,18915.0,564,"7th Cross Road,  Chikka Biddappa Layout",Hulimavu,12.892555953368795,77.63744281507093,3.76,0.0,17.6,Moderate,2,2.1,2.1,1250.0,65152.0,65
8,18655.0,1330,"Brigade Road,  St Patricks Complex",Ashok Nagar,12.971952678287423,77.60752737104718,8.87,0.03458646616541353,20.8,Moderate,10,2.07,2.07,1232.0,64222.0,66
342,18032.5,760,"Queens Road,  Rajiv Gandhi Colony",Shivajinagar,12.989590343552631,77.6001723788158,5.07,0.06184210526315789,18.6,Moderate,4,2.0,2.0,1190.0,62050.0,67
241,17775.0,1077,"Bhadrappa Flyover,  Nagashetty Halli",Kodigehalli,13.047497944846796,77.57561968867225,7.18,0.0,20.8,Moderate,3,1.98,1.98,1178.0,61430.0,68
243,17567.5,902,"20th Main Road,  Block G",Kodigehalli,13.062843810310422,77.58923855643016,6.01,0.0,22.1,Moderate,13,1.95,1.95,1160.0,60499.0,69
42,16320.0,316,"Doddakannelli Road,  Mayfair Anthem",Bellandur,12.928557367358259,77.69507460226549,2.11,0.0,32.3,High,4,1.81,1.81,1077.0,56155.0,70
112,16192.5,1947,"17th Cross Road,  Sector 7",HSR Layout,12.912197983747264,77.63611371871376,12.98,0.0,21.5,Moderate,12,1.8,1.8,1071.0,55845.0,71
358,8827.5,664,"Dr Siddaiah Puranik Marg,  Havanur Circle",Vijayanagara,12.989601524163866,77.53791224984627,4.43,1.0,33.2,High,10,0.98,1.76,1047.0,54604.0,72
375,8587.5,348,"BTS Main Road,  BMTC Junction",Wilson Garden,12.953712612068966,77.59162334683909,2.32,1.0,26.4,High,9,0.95,1.71,1017.0,53053.0,73
288,8432.5,211,"Thavarekere Main Road,  Prestige Lexington Towers",Mico Layout,12.930412790521327,77.6096905578199,1.41,0.8530805687203792,39.1,Critical,2,0.94,1.69,1006.0,52432.0,74
201,14692.5,1217,"Pusa Thippasandra Main Road,  Nada Prabhu Kempegowda Circle",Jeevanbheemanagar,12.971748388472061,77.65808569583406,8.11,0.0,19.8,Moderate,7,1.63,1.63,970.0,50571.0,75
263,14495.0,826,"JJR Main Road,  JJR Nagar Circle",Magadi Road,12.964369269491526,77.5539912168281,5.51,0.1162227602905569,22.6,Moderate,2,1.61,1.61,958.0,49950.0,76
162,14332.5,295,"Hosur Road,  Singasandra Industrial Estate",Hulimavu,12.876009712881356,77.64780279661018,1.97,0.0,15.4,Moderate,3,1.59,1.59,946.0,49330.0,77
10,7915.0,1299,"O Shaughnessy Road,  Divyasree Chambers",Ashok Nagar,12.96199157113164,77.59817735635104,8.66,1.0,31.8,High,4,0.88,1.58,940.0,49020.0,78
330,13967.5,836,"80 Feet Road,  Block 2",Sadashivanagar,13.028065682655502,77.57346891686603,5.57,0.0,18.3,Moderate,11,1.55,1.55,922.0,48089.0,79
281,13900.0,233,"2nd Main Road,  Prestige Technostar",Mahadevapura,12.973414972961374,77.71107165751073,1.55,0.0,19.4,Moderate,3,1.54,1.54,916.0,47778.0,80
88,13770.0,595,"Unnamed Road,  Begur Chikkanahalli",Devanahalli Airport,13.189502477142858,77.68055981983193,3.97,0.0,15.2,Moderate,4,1.53,1.53,910.0,47468.0,81
126,7657.5,288,"Old Airport Road,  Attimaramma Circle",Halasur,12.961012090331758,77.63708440133453,1.92,1.0,25.5,High,4,0.85,1.53,910.0,47468.0,82
117,13397.5,323,"Hosur Road,  Krimson Square",HSR Layout,12.912247200938987,77.62595238123207,2.15,0.0,15.2,Moderate,11,1.49,1.49,887.0,46227.0,83
368,12325.0,396,"Vibgyor High School Road,  Samhita Rainbow MTB Apartment",Whitefield,12.951437650250542,77.71747698647137,2.64,0.0,39.5,Critical,8,1.37,1.37,815.0,42504.0,84
75,6662.5,275,"Lalbagh Main Road,  Dr Sri Shantaveera Swami Circle",City Market,12.954811603272727,77.58446747490909,1.83,1.0,27.7,High,3,0.74,1.33,791.0,41263.0,85
318,6692.5,869,"1st Main Road,  Block 1R",Rajajinagar,13.007863482373153,77.54848447688377,5.79,1.0,33.4,High,10,0.74,1.33,791.0,41263.0,86
298,11855.0,251,"Jalahalli Cross Road,  Jalahalli Cross Junction",Peenya,13.03973459681275,77.51858892390439,1.67,0.0,15.9,Moderate,11,1.32,1.32,785.0,40953.0,87
133,6465.0,403,"Avenue Road,  Mysore Bank Circle",Halasuru Gate,12.97310347146402,77.58181459454094,2.69,1.0,27.7,High,4,0.72,1.3,774.0,40332.0,88
292,6310.0,211,"Hosur Road,  Global Tech Park",Mico Layout,12.936011440284359,77.60706318104265,1.41,1.0,38.1,Critical,2,0.7,1.26,750.0,39092.0,89
50,6190.0,105,"Dr Rajkumar Punya Bhoomi Road,  Radiant Karel",Byatarayanapura,12.944443168571429,77.52714524952381,0.7,1.0,30.4,High,3,0.69,1.24,738.0,38471.0,90
21,10942.5,902,"Old Madras Road,  Gopalan Signature Mall",Banaswadi,12.993570552897982,77.6625233069687,6.01,0.0,16.2,Moderate,14,1.22,1.22,726.0,37850.0,91
336,6107.5,315,"Anna Basavanna Road,  RV Layout",Sheshadripuram,12.996659299980777,77.5841899730216,2.1,1.0,31.4,High,10,0.68,1.22,726.0,37850.0,92
314,10647.5,479,"Bellary Road,  HGH Layout",R.T. Nagar,13.025149740709812,77.58536917912318,3.19,0.0,14.8,Moderate,10,1.18,1.18,702.0,36610.0,93
35,10490.0,376,"Outer Ring Road,  Iblur Junction",Bellandur,12.921164329572603,77.66594434226188,2.51,0.0,15.4,Moderate,5,1.17,1.17,696.0,36299.0,94
1,10360.0,739,"Srinivagilu Main Road,  ST Bed Layout Extension",Adugodi,12.932229908660352,77.6317837767253,4.93,0.0,13.9,Moderate,3,1.15,1.15,684.0,35679.0,95
377,5552.5,379,"1st Main Road,  Arepanahalli",Wilson Garden,12.945099208387976,77.59547834514511,2.53,1.0,25.3,High,4,0.62,1.12,666.0,34748.0,96
91,9985.0,505,"Hosa Road,  Channakeshava Nagar",Electronic City,12.870462607185644,77.65457655136133,3.37,0.0,17.9,Moderate,12,1.11,1.11,660.0,34438.0,97
240,9947.5,735,"Bellary Road,  Vinayaka Nagar",Kodigehalli,13.035292171767777,77.58888839998558,4.9,0.0,15.2,Moderate,4,1.11,1.11,660.0,34438.0,98
205,10017.5,480,"Mallathahalli Road,  Sri Gurukrupa Layout",Jnanabharathi,12.960973343125,77.51166147708334,3.2,0.0,13.6,Moderate,12,1.11,1.11,660.0,34438.0,99
39,9837.5,604,"Amrutha College Road,  Azalea",Bellandur,12.899707829801988,77.67546591030609,4.03,0.0,13.8,Moderate,11,1.09,1.09,649.0,33817.0,100
153,5400.0,256,"North Park Road,  Sri Katan Layout",High ground,12.98705386796875,77.58026368125,1.71,1.0,24.3,High,7,0.6,1.08,643.0,33507.0,101
60,5402.5,134,"Albert Victor Road,  Sirsi Circle",Chamarajpet,12.960720007462687,77.56147759925372,0.89,1.0,33.3,High,3,0.6,1.08,643.0,33507.0,102
338,5112.5,108,"Seshadri Road,  Ayurvedic Hospital Junction",Sheshadripuram,12.980500698148148,77.57223177962962,0.72,1.0,31.9,High,0,0.57,1.03,613.0,31956.0,103
376,6465.0,842,"9th Main Road,  Block 2",Wilson Garden,12.93849209932267,77.58450328611472,5.61,0.667458432304038,26.6,High,3,0.72,1.01,601.0,31335.0,104
313,9062.5,590,"RT Nagar Main Road,  Judicial Officers HBCS",R.T. Nagar,13.021797344576271,77.5926504918644,3.93,0.0,16.2,Moderate,4,1.01,1.01,601.0,31335.0,105
170,5082.5,320,"9th Cross Road,  Mayura Circle",J.P. Nagar,12.912857869508978,77.58570392047179,2.13,1.0,29.4,High,11,0.56,1.01,601.0,31335.0,106
213,8842.5,222,"1st Cross Road,  Subhams Antique City",K.R. Pura,13.045878044594595,77.75032954099099,1.48,0.0,18.6,Moderate,11,0.98,0.98,583.0,30404.0,107
371,8635.0,146,"ITPL Main Road,  Brigade Tech Gardens",Whitefield,12.964356321917808,77.7182344239726,0.97,0.0,15.8,Moderate,10,0.96,0.96,571.0,29784.0,108
52,8605.0,500,"Gnana Bharathi Road,  Manasa Layout",Byatarayanapura,12.957368274799999,77.5188380224,3.33,0.0,22.0,Moderate,12,0.96,0.96,571.0,29784.0,109
55,8385.0,127,"Dr Rajkumar Puniya Bhoomi Road,  BDA Layout",Byatarayanapura,12.950354476377953,77.52217473228346,0.85,0.0,34.8,High,0,0.93,0.93,553.0,28853.0,110
53,8357.5,105,"Mysore Road,  Deepanjali Nagar",Byatarayanapura,12.94786005809524,77.53427029238095,0.7,0.01904761904761905,25.7,High,11,0.93,0.93,553.0,28853.0,111
261,4585.0,310,"G Narayana Kumar Road,  Jai Maniurao Circle",Magadi Road,12.978436298066503,77.54326680832092,2.07,1.0,26.2,High,11,0.51,0.92,547.0,28543.0,112
290,4465.0,153,"Dairy Circle Flyover Underpass,  Dairy Circle",Mico Layout,12.936655224183006,77.60177377058822,1.02,1.0,41.8,Critical,7,0.5,0.9,536.0,27922.0,113
259,4515.0,170,"Old Mysore Road,  Block 4N",Magadi Road,12.98229325464313,77.56288965254842,1.13,1.0,22.9,Moderate,11,0.5,0.9,536.0,27922.0,114
293,8122.5,608,"7th Cross Road,  MICO Layout",Mico Layout,12.913686574013159,77.60651043421053,4.05,0.45230263157894735,18.4,Moderate,5,0.9,0.9,536.0,27922.0,115
391,7992.5,68,"Dr Rajkumar Puniya Bhoomi Road,  FTI Junction",Yeshwanthpura,13.022614882352942,77.53281498088235,0.45,0.0,17.5,Moderate,10,0.89,0.89,530.0,27612.0,116
323,4450.0,293,"80 Feet Ring Road,  Block 4",Rajajinagar,12.98501785221843,77.56007459385665,1.95,1.0,27.0,High,10,0.49,0.88,524.0,27302.0,117
30,7850.0,445,"5th Main Road,  Dhondusa Layout",Basavanagudi,12.941664014189328,77.56708850065144,2.97,0.0044943820224719105,11.7,Routine,3,0.87,0.87,518.0,26992.0,118
189,4322.5,225,"East End A Main Road,  Dr BR Ambedkar Circle",Jayanagara,12.917180159111112,77.59615900622222,1.5,1.0,46.8,Critical,2,0.48,0.86,512.0,26681.0,119
32,4342.5,187,"Old Kanakapura Road,  Krest Park Apartment",Basavanagudi,12.9382458393632,77.5768972554227,1.25,1.0,23.5,High,6,0.48,0.86,512.0,26681.0,120
135,4335.0,115,"Raja Ram Mohan Roy Road,  Sampangiram Nagar",Halasuru Gate,12.967553433913043,77.59335714347826,0.77,1.0,28.2,High,23,0.48,0.86,512.0,26681.0,121
165,4365.0,113,"9th B Cross Road,  SBI Colony",J.P. Nagar,12.91079871858407,77.57358265840708,0.75,1.0,30.7,High,3,0.48,0.86,512.0,26681.0,122
295,4130.0,472,"1st Cross Road,  Sarakki Industrial Layout",Mico Layout,12.908188643855933,77.60096945995762,3.15,1.0,26.5,High,6,0.46,0.83,494.0,25751.0,123
245,7445.0,305,"4th Cross Road,  Brigade Opus",Kodigehalli,13.058399342297259,77.59229486957581,2.03,0.0,12.2,Routine,13,0.83,0.83,494.0,25751.0,124
249,7487.5,263,"Bellary Road,  Esteem Mall",Kodigehalli,13.050380385551332,77.59290398326996,1.75,0.0,15.2,Moderate,2,0.83,0.83,494.0,25751.0,125
113,7467.5,320,"Hosur Road,  Ozone Manay Tech Park",HSR Layout,12.891275357456754,77.63885081073383,2.13,0.0,18.4,Moderate,2,0.83,0.83,494.0,25751.0,126
197,7452.5,539,"Chinmaya Mission Hospital Road,  KFC Circle",Jeevanbheemanagar,12.9783383299855,77.63989241054216,3.59,0.0,19.1,Moderate,9,0.83,0.83,494.0,25751.0,127
325,7420.0,144,"Dr Rajkumar Puniya Bhoomi Road,  Swatantra Yodhara Nagar",Rajajinagar,13.001851279166665,77.52576011736112,0.96,0.0,26.5,High,11,0.82,0.82,488.0,25440.0,128
252,4075.0,116,"Hosur Road,  Market Square Value Mall",Madiwala,12.92014239110095,77.62092353377479,0.77,1.0,29.0,High,13,0.45,0.81,482.0,25130.0,129
394,7240.0,408,"CV Raman Road,  Samvidhana Circle",Yeshwanthpura,13.018887429060626,77.55769181446733,2.72,0.0,16.9,Moderate,4,0.8,0.8,476.0,24820.0,130
291,7052.5,133,"Thavarekere Main Road,  Brindavan Nagar",Mico Layout,12.926571783458646,77.60894632706767,0.89,0.0,37.4,Critical,11,0.78,0.78,464.0,24200.0,131
110,6905.0,78,"Marathahalli Bridge Service Road,  Purva Riviera",HAL Old Airport,12.956592185897435,77.70862537179487,0.52,0.0,17.4,Moderate,2,0.77,0.77,458.0,23889.0,132
36,6957.5,376,"Sarjapura Main Road,  Kaikondrahalli",Bellandur,12.913033036863348,77.67962441812783,2.51,0.0,12.2,Routine,9,0.77,0.77,458.0,23889.0,133
388,6840.0,139,"Bellahali Main Road,  Niranthara Layout",Yelahanka,13.121136425899282,77.63138657913669,0.93,0.0,17.7,Moderate,7,0.76,0.76,452.0,23579.0,134
190,3735.0,176,"46th Cross Road,  Sangam Circle",Jayanagara,12.917367725568182,77.57814196647728,1.17,1.0,25.7,High,5,0.42,0.76,452.0,23579.0,135
244,6660.0,267,"80 Feet Road,  MET Layout",Kodigehalli,13.02705055180368,77.5791532514156,1.78,0.0,12.4,Routine,6,0.74,0.74,440.0,22959.0,136
151,6347.5,282,"Jasma Devi Bhavan Road,  Rajiv Gandhi Colony",High ground,12.989109370212766,77.59885613368793,1.88,0.0070921985815602835,13.4,Moderate,5,0.71,0.71,422.0,22028.0,137
51,6265.0,370,"Sri Sri Sri Tiruchi Mahaswamiji Road,  Gopalan Arcade",Byatarayanapura,12.935968305675678,77.51785826675676,2.47,0.0,15.1,Moderate,11,0.7,0.7,416.0,21717.0,138
94,6310.0,416,"Hosur Road,  Salarpuria Sattva Alexandria Tech Park",Electronic City,12.840483666591684,77.6768805491066,2.77,0.0,20.0,Moderate,9,0.7,0.7,416.0,21717.0,139
327,6265.0,79,"Dr Rajkumar Puniya Bhoomi Road,  FTI Junction",Rajajinagar,13.021808929113924,77.53239725443038,0.53,0.0,18.6,Moderate,5,0.7,0.7,416.0,21717.0,140
38,6140.0,300,"Sarjapura Main Road,  Divyasree Elan Homes",Bellandur,12.917395986551805,77.67225939949999,2.0,0.0,16.9,Moderate,10,0.68,0.68,405.0,21097.0,141
230,3397.5,244,"80 Feet Road,  Havanur Circle",Kamakshipalya,12.987107667754051,77.53726777971545,1.63,1.0,28.8,High,10,0.38,0.68,405.0,21097.0,142
54,5952.5,985,"4th Main Road,  Sri Basaveshwara HBCS",Byatarayanapura,12.96082890511758,77.52826345607994,6.57,0.3715736040609137,26.7,High,12,0.66,0.66,393.0,20476.0,143
4,5880.0,191,"80 Feet Road,  SBI Colony",Adugodi,12.9257597973822,77.63362798586387,1.27,0.0,10.6,Routine,11,0.65,0.65,387.0,20166.0,144
86,3245.0,148,"D Devaraj Urs Road,  Karnataka Bhavan Junction",Cubbon Park,12.98106914297606,77.58831442426667,0.99,1.0,21.9,Moderate,7,0.36,0.65,387.0,20166.0,145
72,5782.5,153,"Bagaluru Main Road,  Niranthara Layout",Chikkajala,13.121981238235294,77.63095558137255,1.02,0.0,24.1,High,13,0.64,0.64,381.0,19856.0,146
378,3155.0,152,"H Siddiah Road,  Narayanpura",Wilson Garden,12.948939811842104,77.59767068486842,1.01,1.0,23.1,High,8,0.35,0.63,375.0,19546.0,147
49,5387.5,192,"Mysore Road,  Dr Ambedkar Nagar",Byatarayanapura,12.940395403125,77.5244513609375,1.28,0.005208333333333333,14.1,Moderate,11,0.6,0.6,357.0,18615.0,148
18,3000.0,337,"Dr Vishwesha Teertha Swamy Gala Road,  Kathriguppe Circle",Banashankari,12.926700667062313,77.55075739643917,2.25,1.0,25.2,High,11,0.33,0.59,351.0,18305.0,149
65,5290.0,130,"Mumbai Bengaluru Highway,  Nagasandra",Chikkabanavara,13.048900841,77.4974781808718,0.87,0.0,24.2,High,11,0.59,0.59,351.0,18305.0,150
337,3005.0,80,"Old Mysore Road,  Block 4N",Sheshadripuram,12.9826962675,77.563133195,0.53,1.0,21.1,Moderate,11,0.33,0.59,351.0,18305.0,151
71,5302.5,244,"Unnamed Road,  Chikkanahalli North Taluka",Chikkajala,13.184065224180328,77.6876799409836,1.63,0.0,11.8,Routine,4,0.59,0.59,351.0,18305.0,152
320,2957.5,240,"7th Cross Road,  Prakash Nagar",Rajajinagar,12.992588325416667,77.55805044583333,1.6,1.0,26.6,High,3,0.33,0.59,351.0,18305.0,153
319,5235.0,208,"Da Ra Bendre Road,  Kirloskar Foundry",Rajajinagar,13.012101063942309,77.55164753653847,1.39,0.20673076923076922,13.9,Moderate,3,0.58,0.58,345.0,17994.0,154
43,5122.5,208,"Sarjapura Main Road,  Doddakannelli Circle",Bellandur,12.906802593834536,77.69668974430047,1.39,0.0,12.2,Routine,7,0.57,0.57,339.0,17684.0,155
79,5152.5,373,"Brigade Road,  Cauvery Junction",Cubbon Park,12.974783598927615,77.60607825013405,2.49,0.26273458445040215,16.3,Moderate,12,0.57,0.57,339.0,17684.0,156
393,5132.5,301,"MS Ramaiah Road,  Mattikere Layout",Yeshwanthpura,13.033823933374055,77.55782540326435,2.01,0.0,29.3,High,3,0.57,0.57,339.0,17684.0,157
321,5167.5,68,"1st Main Road,  Lumos",Rajajinagar,13.016114310294117,77.54993234411765,0.45,0.0,13.9,Moderate,3,0.57,0.57,339.0,17684.0,158
226,5122.5,55,"Subramanyapura Main Road,  Komarla Brigade Residency",K.S. Layout,12.911538145223453,77.5521300086596,0.37,0.0,35.0,High,11,0.57,0.57,339.0,17684.0,159
152,3575.0,225,"Millers Road,  BKM Gowda Circle",High ground,12.988890447155557,77.59227046075556,1.5,0.7288888888888889,20.0,Moderate,9,0.4,0.56,333.0,17374.0,160
158,4980.0,519,"Shri Ramalingeshwara Cave Temple Road,  Royal Meenakshi Mall",Hulimavu,12.876254478034683,77.59598956473988,3.46,0.0,12.9,Moderate,6,0.55,0.55,327.0,17064.0,161
308,4827.5,190,"Memorial Road,  Sulthan Nagar",Pulikeshinagar(F.Town),12.991319158421053,77.61205220736842,1.27,0.0,6.9,Routine,11,0.54,0.54,321.0,16754.0,162
17,2700.0,244,"Konanakunte Main Road,  Banashankari Bus Stand Junction",Banashankari,12.917259179918034,77.57332223606558,1.63,0.9959016393442623,23.2,High,11,0.3,0.54,321.0,16754.0,163
56,2610.0,115,"4th Main Road,  Chamrajpet 5th Main Junction",Chamarajpet,12.958058905217392,77.56734970086957,0.77,1.0,46.7,Critical,10,0.29,0.52,309.0,16133.0,164
227,4622.5,379,"Magadi Main Road,  Hanumantharayan Palya",Kamakshipalya,12.989659979878123,77.50190635052708,2.53,0.0,12.9,Moderate,10,0.51,0.51,303.0,15823.0,165
310,4492.5,192,"Banaswadi Main Road,  Prestige Woodland Park",Pulikeshinagar(F.Town),12.999303367187501,77.62483995052084,1.28,0.0,5.8,Routine,3,0.5,0.5,298.0,15512.0,166
322,4375.0,261,"8th Main Road,  Sri Vasavi Garden",Rajajinagar,13.008800884291187,77.54310463563218,1.74,0.011494252873563218,12.2,Routine,3,0.49,0.49,292.0,15202.0,167
333,4310.0,244,"3rd Main Road,  Bashyam Circle",Sadashivanagar,13.006922405327868,77.57959514344262,1.63,0.0,13.4,Moderate,11,0.48,0.48,286.0,14892.0,168
385,4325.0,70,"Bellary Road,  Bagalur Cross Junction",Yelahanka,13.121994182857144,77.61110203142857,0.47,0.0,13.2,Moderate,3,0.48,0.48,286.0,14892.0,169
312,4257.5,186,"Jayamahal Main Road,  Munireddypalya",R.T. Nagar,13.005458568279568,77.59368184784945,1.24,0.0,10.6,Routine,1,0.47,0.47,280.0,14582.0,170
124,4215.0,161,"Old Madras Road,  Tamarikannan Junction",Halasur,12.97935684968944,77.62871790248447,1.07,0.0,32.6,High,8,0.47,0.47,280.0,14582.0,171
334,4092.5,485,"4th Main Road,  Nagappa Block",Sheshadripuram,12.996290277319588,77.56318498515465,3.23,0.0,12.1,Routine,9,0.45,0.45,268.0,13961.0,172
194,2247.5,56,"East End A Main Road,  SRK Garden",Jayanagara,12.9272374,77.59709088214287,0.37,1.0,43.1,Critical,3,0.25,0.45,268.0,13961.0,173
248,3940.0,87,"Hebbal Flyover,  Hebbal",Kodigehalli,13.0401433,77.58949164252873,0.58,0.0,11.9,Routine,7,0.44,0.44,262.0,13651.0,174
16,2205.0,111,"Anepalya Main Road,  Muthanna Garden",Ashok Nagar,12.951595207207207,77.60756603603603,0.74,1.0,19.7,Moderate,10,0.24,0.43,256.0,13341.0,175
350,2172.5,53,"Alur Venkata Rao Road,  TP Kailasam Circle",V.V.Puram (C.Pet),12.960566124528302,77.57126794339622,0.35,1.0,21.3,Moderate,9,0.24,0.43,256.0,13341.0,176
90,3827.5,240,"Hosur Road,  Janatha Colony",Electronic City,12.8189434225,77.68877598958333,1.6,0.0,27.8,High,2,0.43,0.43,256.0,13341.0,177
367,3887.5,101,"Muthsandra Main Road,  KSRTC Travel House Junction",Whitefield,12.942258791089108,77.7472665980198,0.67,0.0,23.3,High,11,0.43,0.43,256.0,13341.0,178
364,3827.5,174,"Sarjapura Main Road,  Kodathi Gate",Whitefield,12.896648908045975,77.72005069310345,1.16,0.0,13.3,Moderate,11,0.43,0.43,256.0,13341.0,179
254,3797.5,226,"Begur Main Road,  Vivekananda Circle",Madiwala,12.906744938750519,77.6284782118673,1.51,0.0,27.3,High,12,0.42,0.42,250.0,13030.0,180
299,3655.0,135,"Mumbai Bengaluru Highway,  Hesaragatta Cross Junction",Peenya,13.045340374074074,77.50650902222222,0.9,0.0,10.2,Routine,6,0.41,0.41,244.0,12720.0,181
382,2092.5,79,"Siddhapura Road,  B Venkata Reddy Nagar",Wilson Garden,12.947180806329113,77.59077118734177,0.53,1.0,19.2,Moderate,2,0.23,0.41,244.0,12720.0,182
105,3670.0,79,"Outer Ring Road,  Sterling Ascentia",HAL Old Airport,12.928177879746835,77.68174687594937,0.53,0.0,10.6,Routine,7,0.41,0.41,244.0,12720.0,183
302,3685.0,61,"Rajgopal Nagar Main Road,  M Ramaiah Layout",Peenya,13.010566842622952,77.50644853114754,0.41,0.0,8.3,Routine,2,0.41,0.41,244.0,12720.0,184
85,2075.0,105,"Ali Asker Road,  Embassy Apartment",Cubbon Park,12.985425736190477,77.59411276571429,0.7,1.0,20.0,Moderate,7,0.23,0.41,244.0,12720.0,185
180,3570.0,215,"Soniya Gandhi Road,  Gangamma Circle",Jalahalli,13.057268881860466,77.54695837116279,1.43,0.0,8.0,Routine,11,0.4,0.4,238.0,12410.0,186
11,1967.5,76,"D Souza Marg,  Purva Premiere",Ashok Nagar,12.967056003947368,77.59987642763157,0.51,1.0,19.9,Moderate,8,0.22,0.4,238.0,12410.0,187
96,3532.5,71,"Hosur Road,  Zed Enclave",Electronic City,12.880891531529098,77.64531520352695,0.47,0.0,10.5,Routine,3,0.39,0.39,232.0,12100.0,188
99,3550.0,57,"Hosur Road,  Ramaiah Reddy Layout",Electronic City,12.885163241772526,77.64255506833379,0.38,0.0,11.4,Routine,2,0.39,0.39,232.0,12100.0,189
163,3377.5,83,"Hosur Road,  HAL Layout",Hulimavu,12.880583620481927,77.64485420481927,0.55,0.0,9.7,Routine,2,0.38,0.38,226.0,11789.0,190
380,3457.5,106,"8th Main Road,  NIMHANS",Wilson Garden,12.938268876415094,77.59262558584906,0.71,0.0,6.9,Routine,8,0.38,0.38,226.0,11789.0,191
242,3420.0,99,"Kodigehalli Main Road,  Kodigehalli Circle",Kodigehalli,13.060033005580863,77.57658471620857,0.66,0.0,11.4,Routine,6,0.38,0.38,226.0,11789.0,192
63,3445.0,61,"Mumbai Bengaluru Highway,  Bagalagunte",Chikkabanavara,13.050220736065574,77.4945275180328,0.41,0.0,10.7,Routine,2,0.38,0.38,226.0,11789.0,193
132,1895.0,133,"Jama Masjid Main Road,  Ballapurpete",Halasuru Gate,12.968833334586467,77.58080170451127,0.89,0.9172932330827067,23.8,High,8,0.21,0.38,226.0,11789.0,194
123,3337.5,57,"27th Cross Road,  Ramachandra Reddy Layout",HSR Layout,12.903519245614035,77.64209047017543,0.38,0.0,15.1,Moderate,10,0.37,0.37,220.0,11479.0,195
108,3300.0,128,"Outer Ring Road,  Karthik Nagar",HAL Old Airport,12.968896678362993,77.70096659585508,0.85,0.0,19.3,Moderate,9,0.37,0.37,220.0,11479.0,196
109,3362.5,300,"Dr BR Ambedkar Road,  HAL Circle",HAL Old Airport,12.958571602000001,77.668240934,2.0,0.0,12.8,Moderate,3,0.37,0.37,220.0,11479.0,197
78,1762.5,45,"5th Cross Road,  Kalasipalyam New Extension",City Market,12.960420264444444,77.57991163999999,0.3,1.0,25.0,High,2,0.2,0.36,214.0,11169.0,198
168,1760.0,79,"Dr Rajkumar Puniya Bhoomi Road,  Narasimhaiah Garden",J.P. Nagar,12.906313322784811,77.59168397721518,0.53,0.9746835443037974,21.9,Moderate,2,0.2,0.36,214.0,11169.0,199
328,1837.5,40,"46th Cross Road,  Block 4",Rajajinagar,12.988667385,77.55894524499999,0.27,1.0,22.7,Moderate,2,0.2,0.36,214.0,11169.0,200
354,1762.5,54,"Pampa Mahakavi Road,  K Mariyappa Circle",V.V.Puram (C.Pet),12.95832516111111,77.57176330555556,0.36,1.0,21.6,Moderate,8,0.2,0.36,214.0,11169.0,201
187,1812.5,73,"9th Cross Road,  SNN Raj Spiritua",Jayanagara,12.911402519178083,77.57305145753425,0.49,1.0,25.3,High,2,0.2,0.36,214.0,11169.0,202
188,1822.5,97,"9th Main Road,  Block 5",Jayanagara,12.91964571958763,77.58366531340207,0.65,1.0,20.5,Moderate,3,0.2,0.36,214.0,11169.0,203
127,3170.0,158,"Compensation Road,  Sivanchetti Gardens",Halasur,12.98037061329114,77.61474107025317,1.05,0.0,5.6,Routine,10,0.35,0.35,208.0,10859.0,204
277,3192.5,119,"Whitefield Road,  Indian Oil Campus",Mahadevapura,12.998918008771026,77.68814668065436,0.79,0.0,14.2,Moderate,3,0.35,0.35,208.0,10859.0,205
196,3172.5,117,"Old Airport Road,  Thimma Reddy Layout",Jeevanbheemanagar,12.959351954860928,77.65591632252082,0.78,0.0,20.9,Moderate,4,0.35,0.35,208.0,10859.0,206
289,3192.5,412,"Sadduguntepalya Road,  Bharthi Layout",Mico Layout,12.930901254126214,77.60662938859224,2.75,0.11407766990291263,12.9,Moderate,2,0.35,0.35,208.0,10859.0,207
306,3130.0,220,"Professor K Venkatachalam Circle,  Venkatachalam Circle",Pulikeshinagar(F.Town),12.98743202582743,77.61869301138125,1.47,0.0,8.7,Routine,10,0.35,0.35,208.0,10859.0,208
134,1737.5,70,"Kasturba Road,  Siddalingaiah Circle",Halasuru Gate,12.970975841428572,77.59290103000001,0.47,1.0,18.2,Moderate,6,0.19,0.34,202.0,10548.0,209
45,3092.5,47,"Outer Ring Road,  Salarpuria Softzone Tech Park",Bellandur,12.922999721276597,77.67049657021276,0.31,0.0,9.6,Routine,4,0.34,0.34,202.0,10548.0,210
115,3005.0,53,"Hosapalya Main Road,  Patel Channappa Circle",HSR Layout,12.905934524528302,77.63858531132075,0.35,0.0,13.3,Moderate,5,0.33,0.33,196.0,10238.0,211
386,2987.5,403,"Allalasandra Main Road,  Taralabalu Enclave",Yelahanka,13.093635496774194,77.5942196471464,2.69,0.0,13.7,Moderate,5,0.33,0.33,196.0,10238.0,212
282,2855.0,79,"ITPL Main Road,  Sumadhura Vasantham",Mahadevapura,12.984522784810126,77.70834053797469,0.53,0.0,15.6,Moderate,11,0.32,0.32,190.0,9928.0,213
136,1587.5,52,"Palace Road,  Gandhi Nagar",Halasuru Gate,12.97616621153846,77.58340734423076,0.35,1.0,22.4,Moderate,4,0.18,0.32,190.0,9928.0,214
395,2875.0,63,"Mumbai Bengaluru Highway,  Aparna Elina",Yeshwanthpura,13.01895457936508,77.5532820984127,0.42,0.0,15.6,Moderate,1,0.32,0.32,190.0,9928.0,215
246,2815.0,122,"Bellary Road,  HGH Layout",Kodigehalli,13.023720727724283,77.58482967521407,0.81,0.0,9.8,Routine,11,0.31,0.31,184.0,9618.0,216
61,1980.0,76,"Bhashyam Road,  Akkimakalamna Gudi",Chamarajpet,12.968013889473683,77.5701827381579,0.51,0.75,24.1,High,9,0.22,0.31,184.0,9618.0,217
262,1540.0,90,"80 Feet Road,  Havanur Circle",Magadi Road,12.987416465555556,77.53771418,0.6,1.0,24.0,High,10,0.17,0.31,184.0,9618.0,218
64,2737.5,84,"SM Road,  Jalahalli Cross Junction",Chikkabanavara,13.040445946428571,77.518412175,0.56,0.0,7.2,Routine,10,0.3,0.3,178.0,9308.0,219
219,2690.0,101,"Subramanyapura Main Road,  VVR Supreme Residency",K.S. Layout,12.909677221631306,77.55014889052656,0.67,0.0,30.4,High,11,0.3,0.3,178.0,9308.0,220
141,2677.5,114,"Bellary Road,  Vista Pixel",Hebbala,13.071650423684211,77.59319166140352,0.76,0.0,8.1,Routine,11,0.3,0.3,178.0,9308.0,221
343,2727.5,279,"Konanakunte Main Road,  Gopalan Jewels",Thalagattapura,12.888381959063317,77.56262923598706,1.86,0.0,7.7,Routine,11,0.3,0.3,178.0,9308.0,222
270,2567.5,105,"Whitefield Main Road,  Sri Sathya Sai Gokulam",Mahadevapura,13.00337637591012,77.75705674542571,0.7,0.0,8.1,Routine,8,0.29,0.29,173.0,8997.0,223
349,1440.0,90,"Sajjan Rao Circle,  Sajjan Rao Circle",V.V.Puram (C.Pet),12.951766092948303,77.57689797567579,0.6,1.0,21.5,Moderate,13,0.16,0.29,173.0,8997.0,224
116,2622.5,212,"19th Main Road,  Sector 2",HSR Layout,12.910754437264151,77.64458614433963,1.41,0.0,7.9,Routine,10,0.29,0.29,173.0,8997.0,225
264,1422.5,42,"JJR Main Road,  Tippu Chowk",Magadi Road,12.963040078571428,77.55961976428571,0.28,1.0,27.8,High,5,0.16,0.29,173.0,8997.0,226
178,2492.5,191,"Rajatha Bhavana Road,  Dr K Shivaramakarantha Circle",Jalahalli,13.050941765968588,77.55268760104713,1.27,0.0,14.3,Moderate,10,0.28,0.28,167.0,8687.0,227
220,2482.5,126,"Subramanyapura Main Road,  Vallabha Nagar",K.S. Layout,12.906860294978996,77.54603817961251,0.84,0.0,22.2,Moderate,12,0.28,0.28,167.0,8687.0,228
211,2502.5,52,"MBT Road,  Kodandaram",K.R. Pura,13.026376003846154,77.72058755961538,0.35,0.0,7.0,Routine,11,0.28,0.28,167.0,8687.0,229
128,2475.0,60,"Old Madras Road,  Kolimi Heights",Halasur,12.981157758317947,77.6305052030848,0.4,0.0,28.8,High,8,0.28,0.28,167.0,8687.0,230
253,2445.0,110,"Hosur Road,  Krimson Square",Madiwala,12.91161032181818,77.62576120363637,0.73,0.0,8.5,Routine,8,0.27,0.27,161.0,8377.0,231
267,1355.0,90,"Magadi Road,  Sobha Indraprastha",Magadi Road,12.979424628222223,77.56436308850714,0.6,0.8888888888888888,29.4,High,11,0.15,0.27,161.0,8377.0,232
118,2395.0,63,"Hosur Road,  Narasimha Reddy Layout",HSR Layout,12.897238328149458,77.63518377925304,0.42,0.0,9.3,Routine,14,0.27,0.27,161.0,8377.0,233
19,2390.0,244,"8th Main Road,  Veerannana Guda",Banashankari,12.934975759016393,77.53651790614755,1.63,0.0,7.2,Routine,2,0.27,0.27,161.0,8377.0,234
362,2405.0,79,"HAL Airport Road,  Miraya Rose",Whitefield,12.956366291182974,77.73204449757024,0.53,0.0,25.5,High,9,0.27,0.27,161.0,8377.0,235
172,1355.0,80,"24th Main Road,  Shamanna Garden",J.P. Nagar,12.90497363,77.58566655625,0.53,1.0,27.1,High,9,0.15,0.27,161.0,8377.0,236
44,2415.0,142,"Chikkabellanduru Road,  Ram Circle",Bellandur,12.903673210327282,77.70418640148597,0.95,0.0,8.3,Routine,11,0.27,0.27,161.0,8377.0,237
73,2392.5,111,"Hosahalli Main Road,  Hunasamaranahalli",Chikkajala,13.144154390990991,77.61785806936936,0.74,0.0,7.4,Routine,1,0.27,0.27,161.0,8377.0,238
12,1392.5,70,"Field Marshal KM Cariappa Road,  Prestige Towers",Ashok Nagar,12.968932727142857,77.60200080714286,0.47,1.0,31.5,High,5,0.15,0.27,161.0,8377.0,239
87,1335.0,176,"Kasturba Road,  Hudson Circle",Cubbon Park,12.96806517159091,77.58873343522727,1.17,1.0,21.9,Moderate,4,0.15,0.27,161.0,8377.0,240
107,2402.5,44,"Doddakannelli Road,  Adithi Elite",HAL Old Airport,12.92627346590909,77.69477268863636,0.29,0.0,26.5,High,4,0.27,0.27,161.0,8377.0,241
204,2455.0,88,"1st Cross Road,  Jeevan Bima Nagar",Jeevanbheemanagar,12.966820373863635,77.65828947727273,0.59,0.0,26.5,High,9,0.27,0.27,161.0,8377.0,242
207,2377.5,121,"Kengeri Main Road,  Papareddypalya Circle",Jnanabharathi,12.971627800826447,77.50760308264462,0.81,0.0,13.7,Moderate,10,0.26,0.26,155.0,8067.0,243
369,2297.5,352,"Whitefield Road,  International Technology Park Bangalore",Whitefield,12.987004046306817,77.73477218210228,2.35,0.0,30.0,High,4,0.26,0.26,155.0,8067.0,244
301,2337.5,85,"KIADB Road,  Krishna Gowda Layout",Peenya,13.041761799215687,77.51447484235294,0.57,0.0,9.5,Routine,11,0.26,0.26,155.0,8067.0,245
370,2307.5,68,"HAL Airport Road,  DSR Vertex Apex",Whitefield,12.95562961617647,77.71820265294117,0.45,0.0,22.0,Moderate,6,0.26,0.26,155.0,8067.0,246
66,2375.0,118,"Hesaraghatta Main Road,  Hesaragatta Cross Junction",Chikkabanavara,13.04548131440678,77.50776965677966,0.79,0.0,9.9,Routine,7,0.26,0.26,155.0,8067.0,247
297,2332.5,49,"Varthur Main Road,  Dommansandra Circle",No Police Station,12.883521343711392,77.75228980779411,0.33,0.0,21.3,Moderate,4,0.26,0.26,155.0,8067.0,248
20,2280.0,51,"60 Feet Road,  Veerabhadra Nagara Circle",Banashankari,12.938239725490197,77.53337480196079,0.34,0.0,11.8,Routine,13,0.25,0.25,149.0,7756.0,249
58,1262.5,40,"Dr TCM Royan Road,  Siddhartha Nagar",Chamarajpet,12.966988570000002,77.56810736,0.27,1.0,20.7,Moderate,2,0.14,0.25,149.0,7756.0,250
200,2232.5,115,"Old Madras Road,  Tamarikannan Junction",Jeevanbheemanagar,12.978318946956522,77.6287837373913,0.77,0.0,28.2,High,9,0.25,0.25,149.0,7756.0,251
256,1237.5,82,"Madiwala Market Street,  FSL Quarters",Madiwala,12.922543686476532,77.62261416464165,0.55,1.0,18.8,Moderate,0,0.14,0.25,149.0,7756.0,252
387,2215.0,98,"Yelahanka New Town Main Road,  1st Stage",Yelahanka,13.099099390816326,77.57707054183673,0.65,0.0,5.1,Routine,5,0.25,0.25,149.0,7756.0,253
237,2252.5,105,"Sri Sri Sri Tiruchi Mahaswamiji Road,  Ideal Home Township",Kengeri,12.931930772801294,77.51567498822209,0.7,0.0,12.1,Routine,7,0.25,0.25,149.0,7756.0,254
97,2257.5,90,"Hosur Road,  Nanjuda Reddy Layout",Electronic City,12.855401208402709,77.66453002912671,0.6,0.0,26.6,High,2,0.25,0.25,149.0,7756.0,255
34,1255.0,77,"RV Road,  Cauvery Circle",Basavanagudi,12.938401381818183,77.57991136363637,0.51,1.0,18.6,Moderate,8,0.14,0.25,149.0,7756.0,256
169,1290.0,74,"9th Cross Road,  IG Circle",J.P. Nagar,12.911000077127133,77.57805208783783,0.49,1.0,23.3,High,0,0.14,0.25,149.0,7756.0,257
67,2197.5,107,"Hesaraghatta Main Road,  Defence Colony",Chikkabanavara,13.05501539719626,77.50760090654207,0.71,0.0,6.8,Routine,11,0.24,0.24,143.0,7446.0,258
251,2200.0,122,"2nd Cross Road,  Block 2",Kodigehalli,13.028155208196722,77.57355834918032,0.81,0.0,6.5,Routine,11,0.24,0.24,143.0,7446.0,259
231,2127.5,241,"Dr Rajkumar Puniya Bhoomi Road,  Sumnahalli Junction",Kamakshipalya,12.987122598519731,77.5195472514099,1.61,0.0,8.1,Routine,9,0.24,0.24,143.0,7446.0,260
214,2127.5,80,"MBT Road,  Kotturu",K.R. Pura,13.000832660699043,77.6771117061524,0.53,0.0,7.6,Routine,1,0.24,0.24,143.0,7446.0,261
114,2125.0,91,"27th Main Road,  HSR Layout 27th Main Junction",HSR Layout,12.922913777703313,77.65148847656776,0.61,0.0,4.3,Routine,10,0.24,0.24,143.0,7446.0,262
315,2027.5,93,"2nd Main Road,  Income Tax and Central Excise Staff Quarters",R.T. Nagar,13.00135601827957,77.59538708387097,0.62,0.0,8.8,Routine,11,0.23,0.23,137.0,7136.0,263
82,1150.0,131,"Cubbon Road,  Coffee Board Junction",Cubbon Park,12.980743068702289,77.59725758931297,0.87,1.0,21.1,Moderate,4,0.13,0.23,137.0,7136.0,264
294,1185.0,61,"16th Main Road,  18th Main Road Junction",Mico Layout,12.920071939344261,77.61039949508198,0.41,1.0,23.1,High,13,0.13,0.23,137.0,7136.0,265
223,1155.0,67,"Konanakunte Main Road,  Prestige Brooklyn Heights",K.S. Layout,12.916286050048727,77.57340677429602,0.45,0.835820895522388,17.3,Moderate,2,0.13,0.23,137.0,7136.0,266
304,2052.5,105,"St John Road,  Shree Circle",Pulikeshinagar(F.Town),12.983341485714284,77.61347533238094,0.7,0.0,5.3,Routine,11,0.23,0.23,137.0,7136.0,267
137,1137.5,90,"6th Cross Road,  Kumberpet",Halasuru Gate,12.96728729888889,77.57896703555555,0.6,1.0,24.1,High,10,0.13,0.23,137.0,7136.0,268
183,2050.0,72,"Abbigere Main Road,  Patel Shamanna Layout",Jalahalli,13.0550266125,77.53480345,0.48,0.0,7.2,Routine,11,0.23,0.23,137.0,7136.0,269
2,2080.0,103,"20th Main Road,  KR Garden",Adugodi,12.942198289320388,77.62229023398058,0.69,0.0,5.9,Routine,4,0.23,0.23,137.0,7136.0,270
22,2047.5,251,"CMR Road,  Jahnavi Layout",Banaswadi,13.022301444481721,77.63855957745137,1.67,0.0,11.1,Routine,13,0.23,0.23,137.0,7136.0,271
173,2047.5,56,"Rose Garden Road,  Kalyani Vista Phase 2",J.P. Nagar,12.901474275,77.59380956964286,0.37,0.08928571428571429,6.1,Routine,3,0.23,0.23,137.0,7136.0,272
361,1082.5,81,"60 Feet Road,  Prasanthnagar Circle",Vijayanagara,12.976091907407408,77.53146961481481,0.54,1.0,23.4,High,12,0.12,0.22,131.0,6826.0,273
171,1985.0,172,"Bannerghatta Main Road,  Indian Institute of Management",J.P. Nagar,12.894882119767441,77.59912069418606,1.15,0.0,5.0,Routine,6,0.22,0.22,131.0,6826.0,274
332,1090.0,54,"10th Main Road,  Achaiah Chetty Layout",Sadashivanagar,13.01100036111111,77.58360676481482,0.36,0.9814814814814815,24.7,High,11,0.12,0.22,131.0,6826.0,275
24,1972.5,56,"Sri Vinayaka Temple Main Road,  Sait Palya",Banaswadi,13.012811621428572,77.62630437857142,0.37,0.0,5.6,Routine,3,0.22,0.22,131.0,6826.0,276
296,1947.5,44,"Mumbai Bengaluru Highway,  Bynapalya",No Police Station,13.058679065909091,77.46638635681819,0.29,0.0,11.9,Routine,3,0.22,0.22,131.0,6826.0,277
216,1972.5,71,"MBT Road,  Brigade Golden Triangle",K.R. Pura,13.054217808450703,77.76250855211268,0.47,0.0,13.8,Moderate,10,0.22,0.22,131.0,6826.0,278
167,1105.0,45,"Dr Rajkumar Puniya Bhoomi Road,  Jaraganahalli Circle",J.P. Nagar,12.906417393333331,77.57365925555555,0.3,1.0,19.0,Moderate,11,0.12,0.22,131.0,6826.0,279
143,1967.5,106,"Thanisandra Main Road,  Ex Serviceman Layout",Hennuru,13.071830935849057,77.63372838490565,0.71,0.0,19.8,Moderate,7,0.22,0.22,131.0,6826.0,280
9,1962.5,94,"Commissariat Road,  Garuda Mall",Ashok Nagar,12.970180287839627,77.61020594090992,0.63,0.0,4.5,Routine,12,0.22,0.22,131.0,6826.0,281
13,1120.0,70,"Rhenius Street,  Nanjappa Circle",Ashok Nagar,12.960421228571429,77.60158110857142,0.47,1.0,17.8,Moderate,8,0.12,0.22,131.0,6826.0,282
77,1110.0,51,"Lalbagh Main Road,  SGN Layout",City Market,12.957880947058825,77.58619053921569,0.34,1.0,17.4,Moderate,3,0.12,0.22,131.0,6826.0,283
217,1850.0,74,"MBT Road,  Avalahalli South Taluka",K.R. Pura,13.03573507027027,77.73569178378379,0.49,0.0,17.8,Moderate,11,0.21,0.21,125.0,6515.0,284
28,1885.0,88,"Dr APJ Abdul Kalam Marg,  Sir CV Raman Circle",Banaswadi,12.980069863636363,77.65221946477273,0.59,0.0,4.0,Routine,5,0.21,0.21,125.0,6515.0,285
27,1847.5,162,"Railway Line Road,  NGEF Layout",Banaswadi,12.991822716049382,77.65227445925926,1.08,0.0,32.7,High,7,0.21,0.21,125.0,6515.0,286
155,1007.5,61,"Palace Road,  Prestige Trade Tower",High ground,12.985696925372373,77.58862359098359,0.41,1.0,21.8,Moderate,1,0.11,0.2,119.0,6205.0,287
14,1257.5,43,"ORC Road,  Karnataka Police Quarters",Ashok Nagar,12.961591655813955,77.6152767883721,0.29,0.6744186046511628,27.9,High,2,0.14,0.2,119.0,6205.0,288
218,1762.5,41,"MBT Road,  Zero Tolerance Junction",K.R. Pura,13.019527296507942,77.70877901967039,0.27,0.0,6.3,Routine,11,0.2,0.2,119.0,6205.0,289
40,1820.0,76,"Sarjapura Main Road,  Saket Callipolis",Bellandur,12.91021029736842,77.68602676973684,0.51,0.0,5.8,Routine,7,0.2,0.2,119.0,6205.0,290
33,980.0,98,"RV Road,  Lalbhagh West Gate Circle",Basavanagudi,12.947976969387755,77.57985121428571,0.65,1.0,19.9,Moderate,10,0.11,0.2,119.0,6205.0,291
122,1797.5,70,"7th Cross Road,  Park Square Apartment",HSR Layout,12.919807252857144,77.64508126571428,0.47,0.0,3.8,Routine,4,0.2,0.2,119.0,6205.0,292
140,1772.5,214,"Kempapura Main Road,  Esteem Mall",Hebbala,13.049615685981308,77.59341569252337,1.43,0.0,7.4,Routine,3,0.2,0.2,119.0,6205.0,293
247,1717.5,134,"Dr Rajgopal Road,  Infantry Towers",Kodigehalli,13.036676575373136,77.57475578283582,0.89,0.0,9.6,Routine,9,0.19,0.19,113.0,5895.0,294
390,1720.0,180,"3rd A Cross Road,  East Colony",Yelahanka,13.099641117777777,77.58864098277778,1.2,0.0,5.9,Routine,11,0.19,0.19,113.0,5895.0,295
372,1692.5,105,"Nallurahalli Road,  SV Mayfair",Whitefield,12.96354648878176,77.7330769422878,0.7,0.0,29.2,High,10,0.19,0.19,113.0,5895.0,296
95,1745.0,63,"Amrutha College Road,  Rayasandra Circle",Electronic City,12.87571419047619,77.67102666507937,0.42,0.0,14.9,Moderate,11,0.19,0.19,113.0,5895.0,297
280,1742.5,330,"Whitefield Road,  Sadaramangala Industrial Area",Mahadevapura,12.98789000939394,77.73430483969696,2.2,0.0,33.4,High,12,0.19,0.19,113.0,5895.0,298
305,1717.5,49,"Sultanji Gunta Road,  Sulthangunta",Pulikeshinagar(F.Town),12.991360155102042,77.60497931020409,0.33,0.0,16.7,Moderate,3,0.19,0.19,113.0,5895.0,299
232,1592.5,97,"Magadi Main Road,  BM Shankarappa Industrial Estate",Kamakshipalya,12.989176753608248,77.50780500927834,0.65,0.0,8.7,Routine,4,0.18,0.18,107.0,5584.0,300
206,1615.0,68,"Kengeri Main Road,  Bayamma Layout",Jnanabharathi,12.974139827941176,77.50914353529413,0.45,0.0,2.4,Routine,3,0.18,0.18,107.0,5584.0,301
81,1630.0,89,"Sri ML Subbaraju Road,  Mahatma Gandhi Circle",Cubbon Park,12.976136561797754,77.59941110449438,0.59,0.0898876404494382,9.5,Routine,6,0.18,0.18,107.0,5584.0,302
352,870.0,63,"National High School Road,  Sri Vasavi Circle",V.V.Puram (C.Pet),12.949163980952381,77.5768118095238,0.42,1.0,17.0,Moderate,4,0.1,0.18,107.0,5584.0,303
93,1592.5,51,"Hosur Road,  Columbia Aaltius",Electronic City,12.83563315882353,77.6792015862745,0.34,0.0,28.0,High,2,0.18,0.18,107.0,5584.0,304
265,1600.0,51,"Balasubramanya Street,  Telecom Layout",Magadi Road,12.96688917254902,77.54730915686274,0.34,0.0,7.0,Routine,3,0.18,0.18,107.0,5584.0,305
174,870.0,36,"21st Main Road,  Marenahalli Palya",J.P. Nagar,12.910865452777777,77.58761335833333,0.24,1.0,21.0,Moderate,7,0.1,0.18,107.0,5584.0,306
119,1575.0,106,"14th Main Road,  Sector 5",HSR Layout,12.91633708207547,77.63818018490566,0.71,0.0,4.5,Routine,2,0.18,0.18,107.0,5584.0,307
353,927.5,124,"Kondajji Basappa Road,  Parvatipuram",V.V.Puram (C.Pet),12.956845080645161,77.5751021233871,0.83,1.0,20.7,Moderate,3,0.1,0.18,107.0,5584.0,308
250,1500.0,166,"Bellary Road,  Godrej Platinum",Kodigehalli,13.05392891987952,77.59274895481929,1.11,0.0,9.6,Routine,11,0.17,0.17,101.0,5274.0,309
366,1477.5,71,"Whitefield Main Road,  HBK Layout",Whitefield,12.969088631806708,77.74987171220717,0.47,0.0,23.7,High,8,0.16,0.16,95.0,4964.0,310
389,1457.5,52,"Hesarghatta Road,  Mohammad Sab Palya Circle",Yelahanka,13.081730750162443,77.54826713724637,0.35,0.0,8.6,Routine,11,0.16,0.16,95.0,4964.0,311
191,815.0,111,"5th Main Road,  Shri Satya Sai Circle",Jayanagara,12.922130536036036,77.5806457954955,0.74,1.0,20.2,Moderate,5,0.09,0.16,95.0,4964.0,312
175,820.0,133,"Bannerghatta Main Road,  JD Mara Junction",J.P. Nagar,12.90758320075188,77.6001693037594,0.89,1.0,19.0,Moderate,9,0.09,0.16,95.0,4964.0,313
100,1415.0,45,"SKS Compound Road,  Kudlu Gate",Electronic City,12.887824191035959,77.64135867132032,0.3,0.0,7.1,Routine,2,0.16,0.16,95.0,4964.0,314
176,787.5,29,"9th Cross Road,  Shakambari Nagar",J.P. Nagar,12.911086648275862,77.57592204827586,0.19,1.0,23.3,High,0,0.09,0.16,95.0,4964.0,315
156,852.5,41,"Sankey Road,  RV Layout",High ground,12.99670023414634,77.58468885609756,0.27,1.0,19.4,Moderate,10,0.09,0.16,95.0,4964.0,316
345,1450.0,61,"Konanakunte Main Road,  Bayanapalya",Thalagattapura,12.875769754395979,77.54382967415651,0.41,0.0,9.5,Routine,10,0.16,0.16,95.0,4964.0,317
62,1412.5,36,"Dr TCM Royan Road,  Akkimakalamna Gudi",Chamarajpet,12.968789002777777,77.5679560388889,0.24,0.0,24.9,High,2,0.16,0.16,95.0,4964.0,318
279,1385.0,63,"3rd Main Road,  Reddys Keerthi Residency",Mahadevapura,13.006819055555555,77.75719472063493,0.42,0.0,4.5,Routine,11,0.15,0.15,89.0,4654.0,319
154,1375.0,86,"Millers Road,  Kaverappa Layout",High ground,12.991864789534885,77.59440910930233,0.57,0.0,4.7,Routine,4,0.15,0.15,89.0,4654.0,320
120,1342.5,176,"27th Main Road,  Sector 1",HSR Layout,12.917227060227274,77.65172147329545,1.17,0.0,7.8,Routine,11,0.15,0.15,89.0,4654.0,321
182,1360.0,51,"HMT Main Road,  HMT Circle",Jalahalli,13.04883986862745,77.54329341764706,0.34,0.0,26.1,High,3,0.15,0.15,89.0,4654.0,322
177,1340.0,72,"Bannerghatta Main Road,  Vijay Shree Layout",J.P. Nagar,12.881907705555555,77.59582591527777,0.48,0.0,7.5,Routine,7,0.15,0.15,89.0,4654.0,323
89,1375.0,75,"Sulibele Road,  Giriyamma Circle",Devanahalli Airport,13.244919241333333,77.71304598933334,0.5,0.0,7.2,Routine,4,0.15,0.15,89.0,4654.0,324
300,1310.0,157,"Mumbai Bengaluru Highway,  Sobha Garrison",Peenya,13.047084580891719,77.5009989566879,1.05,0.0,14.0,Moderate,4,0.15,0.15,89.0,4654.0,325
7,930.0,40,"Hosur Road,  Maha Ligeshwara Layout",Adugodi,12.940091677500002,77.60929783,0.27,0.8,14.7,Moderate,3,0.1,0.14,83.0,4344.0,326
351,750.0,68,"4th Main Road,  Shri Ma Ramamurthy Circle",V.V.Puram (C.Pet),12.95751585902868,77.56927550502147,0.45,1.0,19.8,Moderate,9,0.08,0.14,83.0,4344.0,327
287,1225.0,78,"5th Cross Road,  Nagappa Block",Malleshwaram,12.996652934615385,77.56254017051282,0.52,0.0,7.6,Routine,10,0.14,0.14,83.0,4344.0,328
179,1245.0,249,"Chikka Banavara RS Road,  Prasad Enclave",Jalahalli,13.050488885140563,77.5255347192771,1.66,0.0,8.6,Routine,3,0.14,0.14,83.0,4344.0,329
268,750.0,57,"Binny Mill Main Road,  Railway Quarters",Magadi Road,12.974091047368422,77.56623754561404,0.38,1.0,24.3,High,2,0.08,0.14,83.0,4344.0,330
316,1240.0,56,"1st Main Road,  Jayamahal Extension",R.T. Nagar,12.999612424999999,77.59682100892857,0.37,0.0,7.8,Routine,4,0.14,0.14,83.0,4344.0,331
365,1225.0,50,"Whitefield Main Road,  HM Tech Park",Whitefield,12.983098199999999,77.75212049,0.33,0.0,13.1,Moderate,9,0.14,0.14,83.0,4344.0,332
339,1205.0,121,"J Lingaiah Road,  Kempanna Block",Sheshadripuram,12.998256603305785,77.58178408842974,0.81,0.0,3.9,Routine,10,0.13,0.13,77.0,4033.0,333
233,1142.5,56,"Thigalarapalya Main Road,  Stage 2",Kamakshipalya,13.01413143392857,77.49200394107143,0.37,0.0,7.7,Routine,11,0.13,0.13,77.0,4033.0,334
229,1200.0,55,"Magadi Main Road,  Byadrahalli",Kamakshipalya,12.985445083110964,77.47985442490909,0.37,0.0,7.3,Routine,11,0.13,0.13,77.0,4033.0,335
221,1205.0,71,"Dr Vishnuvardhan Main Road,  Uttarahalli Circle",K.S. Layout,12.905916248238347,77.5424402478521,0.47,0.0,6.6,Routine,13,0.13,0.13,77.0,4033.0,336
235,1190.0,56,"Kengeri Main Road,  Kengeri Satellite Town",Kengeri,12.914379332295104,77.48128963378247,0.37,0.0,8.5,Routine,5,0.13,0.13,77.0,4033.0,337
84,1205.0,54,"Nexus Venture Partners,  301",Cubbon Park,12.973105696296296,77.60019241851852,0.36,0.1111111111111111,4.4,Routine,10,0.13,0.13,77.0,4033.0,338
363,1162.5,57,"Varthur Main Road,  Dr BR Ambedkar Circle",Whitefield,12.938136263157894,77.74676522807017,0.38,0.0,23.0,High,3,0.13,0.13,77.0,4033.0,339
381,1110.0,123,"Siddhapura Road,  Siddapura Circle",Wilson Garden,12.946149356567137,77.58782943150482,0.82,0.0,5.3,Routine,2,0.12,0.12,71.0,3723.0,340
224,1112.5,49,"Bikasipura Main Road,  LMC Industrial Layout",K.S. Layout,12.893848920408164,77.56781720204081,0.33,0.0,2.2,Routine,11,0.12,0.12,71.0,3723.0,341
184,1050.0,75,"Forest Region Road,  Vymac Circle",Jalahalli,13.068791342666668,77.53007905466666,0.5,0.0,5.8,Routine,12,0.12,0.12,71.0,3723.0,342
147,1087.5,68,"Doddagubbi Road,  Chikka Aneppa Layout",Hennuru,13.060431102941177,77.65208905441176,0.45,0.0,3.2,Routine,11,0.12,0.12,71.0,3723.0,343
275,1012.5,61,"Hoodi Main Road,  Thigalarapalya",Mahadevapura,12.993295272131148,77.71719865737704,0.41,0.0,10.8,Routine,4,0.11,0.11,65.0,3413.0,344
307,955.0,84,"Seppings Road,  Nehru Puram",Pulikeshinagar(F.Town),12.989150955952383,77.60908588214286,0.56,0.0,8.1,Routine,12,0.11,0.11,65.0,3413.0,345
269,585.0,42,"12th Main Road,  Bhashyam Circle",Magadi Road,12.98425025167991,77.55420932320148,0.28,1.0,21.4,Moderate,9,0.06,0.11,65.0,3413.0,346
228,967.5,61,"G Narayana Kumar Road,  Soundarya Kamakshi",Kamakshipalya,12.983777799122878,77.52907158436837,0.41,0.0,4.5,Routine,12,0.11,0.11,65.0,3413.0,347
379,525.0,56,"RV Road,  Lalbhagh West Gate Circle",Wilson Garden,12.948028930357143,77.5801197,0.37,1.0,18.7,Moderate,10,0.06,0.11,65.0,3413.0,348
209,1020.0,33,"Kempegowda Road,  Kamraj Nagar",K.G. Halli,13.031904439393939,77.62376060606061,0.22,0.0,4.4,Routine,4,0.11,0.11,65.0,3413.0,349
166,1017.5,57,"24th Main Road,  Sri SN Venkatesh Reddy Circle",J.P. Nagar,12.900386096491228,77.58586136140352,0.38,0.03508771929824561,6.5,Routine,11,0.11,0.11,65.0,3413.0,350
195,575.0,49,"9th Main Road,  Shri Satya Sai Circle",Jayanagara,12.923659360945027,77.58360361333895,0.33,1.0,17.3,Moderate,11,0.06,0.11,65.0,3413.0,351
344,960.0,50,"Konanakunte Main Road,  SS Vrudhi",Thalagattapura,12.86245119,77.530277518,0.33,0.0,6.4,Routine,11,0.11,0.11,65.0,3413.0,352
238,1022.5,44,"Kengeri Magadi Road,  Police Quarters",Kengeri,12.911429109798002,77.48035584829128,0.29,0.0,7.9,Routine,11,0.11,0.11,65.0,3413.0,353
311,977.5,49,"Lingarajapuram Flyover,  Old Bagalur Layout",Pulikeshinagar(F.Town),13.007089424489795,77.62161896734695,0.33,0.0,2.6,Routine,4,0.11,0.11,65.0,3413.0,354
68,877.5,54,"Hesaraghatta Main Road,  Havanoor Extension",Chikkabanavara,13.050139866666667,77.50773784074075,0.36,0.0,4.7,Routine,13,0.1,0.1,60.0,3102.0,355
181,910.0,48,"Jalahalli Main Road,  Sri Veera Madakari Nayaka Circle",Jalahalli,13.04564109375,77.54857411875,0.32,0.0,28.5,High,11,0.1,0.1,60.0,3102.0,356
144,872.5,71,"Munninarasimha Road,  Prisha Orchids",Hennuru,13.083547812676057,77.63763120422536,0.47,0.0,17.8,Moderate,13,0.1,0.1,60.0,3102.0,357
3,910.0,120,"Srinivagilu Main Road,  Sony World Junction",Adugodi,12.937257945223495,77.62702780512654,0.8,0.0,7.4,Routine,14,0.1,0.1,60.0,3102.0,358
6,942.5,68,"20th Main Road,  Block 8",Adugodi,12.940204022058824,77.61996841911764,0.45,0.0,9.3,Routine,3,0.1,0.1,60.0,3102.0,359
15,840.0,41,"Castle Street,  Mother Teresa Circle",Ashok Nagar,12.967277004878047,77.60860011219512,0.27,0.0975609756097561,4.0,Routine,9,0.09,0.09,54.0,2792.0,360
202,785.0,58,"100 Feet Road,  Stage 1",Jeevanbheemanagar,12.981406307491648,77.64068594714901,0.39,0.0,29.5,High,12,0.09,0.09,54.0,2792.0,361
5,797.5,45,"1st Cross Road,  Block 5A",Adugodi,12.934031697777778,77.62311676888889,0.3,0.0,2.8,Routine,10,0.09,0.09,54.0,2792.0,362
383,805.0,34,"T Mariyappa Road,  Kanakana Palya",Wilson Garden,12.941494967647058,77.5850083764706,0.23,0.11764705882352941,5.9,Routine,11,0.09,0.09,54.0,2792.0,363
373,700.0,106,"Mims Gulmohar Road,  Gulmohar",Whitefield,12.985459871698112,77.74565409339623,0.71,0.0,36.7,Critical,10,0.08,0.08,48.0,2482.0,364
215,760.0,95,"Kodigehalli Main Road,  Aryav Greenfields",K.R. Pura,13.003519337894737,77.7234679968421,0.63,0.0,37.8,Critical,4,0.08,0.08,48.0,2482.0,365
346,710.0,44,"Konanakunte Main Road,  4th H Block",Thalagattapura,12.87957857719922,77.54537759223436,0.29,0.0,4.5,Routine,10,0.08,0.08,48.0,2482.0,366
203,750.0,41,"Old Madras Road,  New Binnamangla",Jeevanbheemanagar,12.983936874472384,77.6406413213878,0.27,0.0,26.8,High,3,0.08,0.08,48.0,2482.0,367
234,677.5,54,"Andhrahalli Main Road,  Soundarya Layout",Kamakshipalya,12.999466585185186,77.48873818333333,0.36,0.0,7.5,Routine,11,0.08,0.08,48.0,2482.0,368
359,587.5,72,"1st A Main Road,  Billiards Junction",Vijayanagara,12.966904545833334,77.54335056666667,0.48,0.0,5.8,Routine,11,0.07,0.07,42.0,2172.0,369
46,622.5,45,"Haralur Road,  Madduramma Junction",Bellandur,12.901303797777778,77.66036178222222,0.3,0.0,7.6,Routine,11,0.07,0.07,42.0,2172.0,370
193,345.0,57,"Sri Nitturu Srinivasarao Road,  Madhavan Circle",Jayanagara,12.936547835087719,77.58423099999999,0.38,1.0,21.3,Moderate,6,0.04,0.07,42.0,2172.0,371
161,622.5,55,"Westend Avenue,  Akshaya Nagar",Hulimavu,12.87601398,77.61664992909091,0.37,0.0,2.3,Routine,12,0.07,0.07,42.0,2172.0,372
309,612.5,59,"Madhavaraya Mudaliar Road,  Nanjappa Block",Pulikeshinagar(F.Town),13.000552228813559,77.61505978983051,0.39,0.0,4.6,Routine,11,0.07,0.07,42.0,2172.0,373
278,597.5,53,"Kodigehalli Main Road,  Aryav Greenfields",Mahadevapura,13.003362956603773,77.72354736981131,0.35,0.0,36.6,Critical,3,0.07,0.07,42.0,2172.0,374
98,595.0,116,"Road Number 1,  Salarpuria Infozone",Electronic City,12.85093054137931,77.65745046896551,0.77,0.0,8.4,Routine,12,0.07,0.07,42.0,2172.0,375
164,595.0,48,"BDA 80 Feet Road,  Windchimes",Hulimavu,12.884161984746306,77.59807471215187,0.32,0.0,6.8,Routine,8,0.07,0.07,42.0,2172.0,376
329,662.5,42,"5th Cross Road,  Mariappanapalya",Rajajinagar,12.997631452380952,77.55922975952382,0.28,0.21428571428571427,8.1,Routine,10,0.07,0.07,42.0,2172.0,377
157,642.5,39,"Thimmaiah Road,  Chavundaraya Circle",High ground,12.993555853846154,77.59557047948718,0.26,0.0,5.4,Routine,6,0.07,0.07,42.0,2172.0,378
145,605.0,97,"Thanisandra Main Road,  Tuba Layout",Hennuru,13.045509112371136,77.62711825670104,0.65,0.0,3.5,Routine,14,0.07,0.07,42.0,2172.0,379
225,495.0,52,"Canara Bank Cross Road,  Konanakunte Junction",K.S. Layout,12.889804426923076,77.56340554038462,0.35,0.0,3.2,Routine,3,0.06,0.06,36.0,1861.0,380
129,515.0,46,"Ashley Road,  Prestige Falcon Towers",Halasur,12.971029408695653,77.61502387826087,0.31,0.30434782608695654,8.4,Routine,4,0.06,0.06,36.0,1861.0,381
121,555.0,66,"17th Cross Road,  Parangipalya",HSR Layout,12.912029877272728,77.65165117121212,0.44,0.0,2.8,Routine,6,0.06,0.06,36.0,1861.0,382
41,530.0,40,"Amrutha College Road,  Tulasi Layout",Bellandur,12.904233832500001,77.6759626975,0.27,0.0,5.4,Routine,11,0.06,0.06,36.0,1861.0,383
192,412.5,42,"10th Cross Road,  LIC Colony Junction",Jayanagara,12.931513783333333,77.59256021428571,0.28,0.0,6.3,Routine,13,0.05,0.05,30.0,1551.0,384
283,417.5,44,"Industrial Park Road,  RMZ NXT",Mahadevapura,12.97793890909091,77.71296915909092,0.29,0.0,32.7,High,6,0.05,0.05,30.0,1551.0,385
29,445.0,41,"Banaswadi Main Road,  Maruthi Sevanagar",Banaswadi,13.001927110509886,77.63241275374814,0.27,0.0,1.9,Routine,10,0.05,0.05,30.0,1551.0,386
139,417.5,53,"Dasarahalli Main Road,  RMZ Azure",Hebbala,13.055872327733887,77.59411474703968,0.35,0.0,1.9,Routine,5,0.05,0.05,30.0,1551.0,387
222,315.0,63,"4th Main Road,  Subramanyapura",K.S. Layout,12.90770180400667,77.5328897932563,0.42,0.0,30.0,High,5,0.04,0.04,24.0,1241.0,388
148,360.0,57,"Thanisandra Main Road,  Aswath Nagar Circle",Hennuru,13.05015001754386,77.6302726614035,0.38,0.0,1.1,Routine,13,0.04,0.04,24.0,1241.0,389
146,350.0,46,"80 Feet Road,  Corona Apartments",Hennuru,13.068791867391303,77.62602062826087,0.31,0.0,4.0,Routine,13,0.04,0.04,24.0,1241.0,390
26,330.0,57,"2nd Main Road,  Kasturi Nagar",Banaswadi,13.003522987719299,77.6627925877193,0.38,0.0,1.9,Routine,11,0.04,0.04,24.0,1241.0,391
276,295.0,41,"Whitefield Main Road,  Pioneer Moonstone",Mahadevapura,13.009039814634146,77.75885258536586,0.27,0.0,0.9,Routine,7,0.03,0.03,18.0,931.0,392
236,255.0,51,"Global City Tech Park Road,  Mylasandra Village",Kengeri,12.917050117647058,77.50018557647059,0.34,0.0,2.0,Routine,11,0.03,0.03,18.0,931.0,393
331,292.5,43,"Palace Road,  MD Nanjundaswamy Circle",Sadashivanagar,12.999318090697672,77.58380689534883,0.29,0.0,6.8,Routine,8,0.03,0.03,18.0,931.0,394
47,205.0,41,"Amrita College Road,  Bhuvi Colony",Bellandur,12.895235090243903,77.67588934390244,0.27,0.0,6.0,Routine,4,0.02,0.02,12.0,620.0,395
142,215.0,43,"Amruthahalli Main Road,  Park View Layout",Hebbala,13.066876997674417,77.59421979534883,0.29,0.0,1.6,Routine,5,0.02,0.02,12.0,620.0,396
